패션/미용,인테리어/DIY,사진
드라마,사회/정치,비즈니스/경제
일상/생각,IT/컴퓨터,교육/학문
공연/전시,육아/결혼,맛집
드라마,인테리어/DIY,원예/재배
애완/반려동물,요리/레시피,스포츠
방송,인테리어/DIY,교육/학문
영화,미술/디자인,일상/생각
영화,음악,교육/학문
미술/디자인,스타/연예인,사진
음악,상품리뷰,교육/학문
공연/전시,음악,게임
취미,IT/컴퓨터,사회/정치
공연/전시,육아/결혼,게임
스포츠,맛집,사회/정치
스타/연예인,상품리뷰,어학/외국어
스타/연예인,게임,건강/의학
문학/책,원예/재배,맛집
영화,일상/생각,육아/결혼
스타/연예인,패션/미용,사진
세계여행,맛집,IT/컴퓨터
육아/결혼,원예/재배,스포츠
취미,국내여행,건강/의학
영화,스타/연예인,좋은글/이미지
육아/결혼,좋은글/이미지,건강/의학
영화,드라마,육아/결혼
상품리뷰,취미,세계여행
좋은글/이미지,세계여행,건강/의학
미술/디자인,사회/정치,어학/외국어
영화,드라마,사진
드라마,상품리뷰,사진
방송,인테리어/DIY,취미
드라마,스타/연예인,취미
공연/전시,애완/반려동물,건강/의학
일상/생각,IT/컴퓨터,비즈니스/경제
취미,세계여행,사회/정치
드라마,좋은글/이미지,요리/레시피
드라마,요리/레시피,사회/정치
미술/디자인,사진,교육/학문
음악,원예/재배,게임
방송,IT/컴퓨터,사회/정치
영화,음악,국내여행
일상/생각,육아/결혼,애완/반려동물
음악,드라마,어학/외국어
미술/디자인,원예/재배,사진
좋은글/이미지,IT/컴퓨터,비즈니스/경제
요리/레시피,사진,맛집
드라마,좋은글/이미지,어학/외국어
미술/디자인,국내여행,비즈니스/경제
좋은글/이미지,인테리어/DIY,게임
영화,일상/생각,인테리어/DIY
상품리뷰,건강/의학,교육/학문
공연/전시,인테리어/DIY,상품리뷰
영화,드라마,어학/외국어
문학/책,세계여행,사회/정치
미술/디자인,상품리뷰,원예/재배
음악,사진,자동차
음악,애완/반려동물,어학/외국어
사진,세계여행,비즈니스/경제
요리/레시피,국내여행,세계여행
취미,세계여행,교육/학문
스타/연예인,인테리어/DIY,스포츠
만화/애니,게임,세계여행
육아/결혼,스포츠,IT/컴퓨터
영화,패션/미용,사회/정치
좋은글/이미지,게임,국내여행
미술/디자인,요리/레시피,원예/재배
영화,게임,국내여행
미술/디자인,좋은글/이미지,스포츠
음악,좋은글/이미지,비즈니스/경제
